tammy,104,tammy@email.com
jennifer,528,jennifer@email.com
bob,263,bob@email.com
jane,688,jane@email.com
bob,648,bob@email.com
patrick,28,patrick@email.com
lois,393,lois@email.com
richard,876,richard@email.com
bob,847,bob@email.com
bob,693,bob@email.com
richard,151,richard@email.com
jennifer,863,jennifer@email.com
george,36,george@email.com
george,882,george@email.com
george,612,george@email.com
george,835,george@email.com
jimmy,766,jimmy@email.com
richard,427,richard@email.com
richard,252,richard@email.com
richard,355,richard@email.com
jimmy,280,jimmy@email.com
richard,884,richard@email.com
jimmy,130,jimmy@email.com
jimmy,726,jimmy@email.com
jennifer,375,jennifer@email.com
josh,336,josh@email.com
richard,768,richard@email.com
george,687,george@email.com
richard,117,richard@email.com
jane,715,jane@email.com
richard,415,richard@email.com
tammy,565,tammy@email.com
lois,641,lois@email.com
jennifer,169,jennifer@email.com
richard,748,richard@email.com
richard,389,richard@email.com
jane,577,jane@email.com
lois,219,lois@email.com
george,624,george@email.com
richard,116,richard@email.com
lois,682,lois@email.com
bob,368,bob@email.com
jennifer,590,jennifer@email.com
george,86,george@email.com
richard,672,richard@email.com
jennifer,890,jennifer@email.com
richard,441,richard@email.com
george,946,george@email.com
jane,160,jane@email.com
richard,715,richard@email.com
jennifer,805,jennifer@email.com
lois,580,lois@email.com
jimmy,378,jimmy@email.com
bob,75,bob@email.com
richard,574,richard@email.com
jimmy,171,jimmy@email.com
richard,277,richard@email.com
jimmy,849,jimmy@email.com
jane,895,jane@email.com
jane,583,jane@email.com
jane,942,jane@email.com
jane,422,jane@email.com
jane,725,jane@email.com
jimmy,325,jimmy@email.com
tammy,385,tammy@email.com
jimmy,498,jimmy@email.com
jane,359,jane@email.com
lois,190,lois@email.com
george,618,george@email.com
jane,482,jane@email.com
lois,154,lois@email.com
richard,476,richard@email.com
jimmy,534,jimmy@email.com
patrick,960,patrick@email.com
lois,739,lois@email.com
jane,502,jane@email.com
tammy,281,tammy@email.com
lois,318,lois@email.com
jimmy,317,jimmy@email.com
patrick,697,patrick@email.com
jennifer,395,jennifer@email.com
jennifer,376,jennifer@email.com
george,212,george@email.com
bob,367,bob@email.com
jane,520,jane@email.com
richard,667,richard@email.com
josh,306,josh@email.com
lois,56,lois@email.com
lois,344,lois@email.com
richard,732,richard@email.com
jimmy,523,jimmy@email.com
richard,427,richard@email.com
richard,980,richard@email.com
patrick,971,patrick@email.com
richard,588,richard@email.com
richard,531,richard@email.com
jennifer,898,jennifer@email.com
richard,253,richard@email.com
patrick,599,patrick@email.com
bob,382,bob@email.com
tammy,319,tammy@email.com
lois,664,lois@email.com
george,790,george@email.com
lois,66,lois@email.com
lois,933,lois@email.com
richard,629,richard@email.com
jennifer,608,jennifer@email.com
richard,841,richard@email.com
jimmy,77,jimmy@email.com
jane,134,jane@email.com
bob,371,bob@email.com
lois,602,lois@email.com
bob,406,bob@email.com
jimmy,545,jimmy@email.com
richard,823,richard@email.com
jennifer,424,jennifer@email.com
patrick,343,patrick@email.com
lois,819,lois@email.com
lois,701,lois@email.com
lois,224,lois@email.com
tammy,483,tammy@email.com
george,737,george@email.com
tammy,849,tammy@email.com
lois,907,lois@email.com
jennifer,284,jennifer@email.com
richard,283,richard@email.com
jane,349,jane@email.com
bob,522,bob@email.com
bob,262,bob@email.com
richard,624,richard@email.com
patrick,314,patrick@email.com
jimmy,368,jimmy@email.com
jennifer,979,jennifer@email.com
lois,460,lois@email.com
jennifer,248,jennifer@email.com
richard,39,richard@email.com
jennifer,674,jennifer@email.com
tammy,397,tammy@email.com
george,154,george@email.com
lois,241,lois@email.com
jane,754,jane@email.com
jane,974,jane@email.com
patrick,383,patrick@email.com
tammy,398,tammy@email.com
jennifer,1,jennifer@email.com
jennifer,388,jennifer@email.com
tammy,709,tammy@email.com
bob,9,bob@email.com
richard,304,richard@email.com
richard,4,richard@email.com
tammy,478,tammy@email.com
george,270,george@email.com
bob,777,bob@email.com
patrick,163,patrick@email.com
george,813,george@email.com
bob,917,bob@email.com
josh,12,josh@email.com
tammy,429,tammy@email.com
patrick,817,patrick@email.com
bob,129,bob@email.com
george,825,george@email.com
richard,791,richard@email.com
tammy,141,tammy@email.com
jennifer,686,jennifer@email.com
jennifer,247,jennifer@email.com
jane,235,jane@email.com
richard,255,richard@email.com
jimmy,379,jimmy@email.com
jimmy,421,jimmy@email.com
jimmy,938,jimmy@email.com
richard,571,richard@email.com
lois,991,lois@email.com
jennifer,272,jennifer@email.com
lois,478,lois@email.com
george,253,george@email.com
george,113,george@email.com
jennifer,822,jennifer@email.com
richard,770,richard@email.com
lois,756,lois@email.com
jimmy,198,jimmy@email.com
richard,164,richard@email.com
richard,440,richard@email.com
jennifer,857,jennifer@email.com
lois,421,lois@email.com
jimmy,902,jimmy@email.com
richard,425,richard@email.com
tammy,270,tammy@email.com
jennifer,548,jennifer@email.com
lois,514,lois@email.com
richard,823,richard@email.com
patrick,182,patrick@email.com
patrick,761,patrick@email.com
george,53,george@email.com
patrick,524,patrick@email.com
tammy,482,tammy@email.com
jennifer,219,jennifer@email.com
lois,509,lois@email.com
jennifer,831,jennifer@email.com
tammy,191,tammy@email.com
jane,443,jane@email.com
josh,627,josh@email.com
lois,353,lois@email.com
tammy,617,tammy@email.com
patrick,806,patrick@email.com
patrick,207,patrick@email.com
jennifer,306,jennifer@email.com
jennifer,556,jennifer@email.com
richard,907,richard@email.com
patrick,872,patrick@email.com
jane,68,jane@email.com
jane,451,jane@email.com
tammy,626,tammy@email.com
richard,594,richard@email.com
bob,181,bob@email.com
josh,524,josh@email.com
lois,545,lois@email.com
george,734,george@email.com
richard,934,richard@email.com
bob,693,bob@email.com
george,9,george@email.com
george,872,george@email.com
bob,384,bob@email.com
jane,117,jane@email.com
jennifer,931,jennifer@email.com
tammy,591,tammy@email.com
lois,777,lois@email.com
lois,689,lois@email.com
jimmy,690,jimmy@email.com
jimmy,595,jimmy@email.com
jane,827,jane@email.com
george,690,george@email.com
tammy,529,tammy@email.com
richard,957,richard@email.com
josh,526,josh@email.com
patrick,887,patrick@email.com
richard,303,richard@email.com
george,178,george@email.com
jimmy,864,jimmy@email.com
jane,890,jane@email.com
bob,763,bob@email.com
jimmy,242,jimmy@email.com
jane,702,jane@email.com
jimmy,544,jimmy@email.com
jennifer,332,jennifer@email.com
richard,830,richard@email.com
richard,545,richard@email.com
jennifer,195,jennifer@email.com
george,150,george@email.com
tammy,797,tammy@email.com
jimmy,551,jimmy@email.com
bob,522,bob@email.com
jane,904,jane@email.com
patrick,671,patrick@email.com
jimmy,359,jimmy@email.com
richard,811,richard@email.com
lois,425,lois@email.com
jane,545,jane@email.com
patrick,336,patrick@email.com
bob,719,bob@email.com
patrick,486,patrick@email.com
jimmy,111,jimmy@email.com
patrick,459,patrick@email.com
bob,79,bob@email.com
richard,735,richard@email.com
lois,874,lois@email.com
jane,53,jane@email.com
george,167,george@email.com
lois,401,lois@email.com
jane,225,jane@email.com
jennifer,70,jennifer@email.com
jimmy,232,jimmy@email.com
patrick,42,patrick@email.com
jennifer,156,jennifer@email.com
richard,520,richard@email.com
jane,514,jane@email.com
george,282,george@email.com
patrick,320,patrick@email.com
tammy,0,tammy@email.com
richard,499,richard@email.com
jimmy,23,jimmy@email.com
jennifer,286,jennifer@email.com
george,962,george@email.com
tammy,999,tammy@email.com
patrick,964,patrick@email.com
patrick,778,patrick@email.com
bob,663,bob@email.com
josh,343,josh@email.com
jennifer,853,jennifer@email.com
richard,610,richard@email.com
bob,36,bob@email.com
jimmy,861,jimmy@email.com
patrick,775,patrick@email.com
josh,804,josh@email.com
jane,700,jane@email.com
jimmy,134,jimmy@email.com
jennifer,82,jennifer@email.com
jane,534,jane@email.com
jennifer,875,jennifer@email.com
george,872,george@email.com
josh,94,josh@email.com
patrick,132,patrick@email.com
bob,297,bob@email.com
jimmy,793,jimmy@email.com
lois,425,lois@email.com
jennifer,148,jennifer@email.com
tammy,191,tammy@email.com
jimmy,456,jimmy@email.com
george,571,george@email.com
lois,4,lois@email.com
jimmy,140,jimmy@email.com
tammy,919,tammy@email.com
lois,714,lois@email.com
josh,240,josh@email.com
jennifer,628,jennifer@email.com
lois,413,lois@email.com
george,418,george@email.com
jennifer,716,jennifer@email.com
jane,207,jane@email.com
lois,713,lois@email.com
bob,293,bob@email.com
lois,475,lois@email.com
george,158,george@email.com
tammy,345,tammy@email.com
george,474,george@email.com
george,114,george@email.com
lois,719,lois@email.com
richard,438,richard@email.com
jimmy,604,jimmy@email.com
patrick,18,patrick@email.com
patrick,821,patrick@email.com
jimmy,256,jimmy@email.com
josh,78,josh@email.com
bob,410,bob@email.com
jimmy,491,jimmy@email.com
george,282,george@email.com
lois,594,lois@email.com
george,708,george@email.com
bob,895,bob@email.com
jennifer,685,jennifer@email.com
patrick,810,patrick@email.com
george,612,george@email.com
jane,580,jane@email.com
lois,778,lois@email.com
jane,943,jane@email.com
tammy,897,tammy@email.com
richard,969,richard@email.com
jimmy,86,jimmy@email.com
richard,635,richard@email.com
tammy,922,tammy@email.com
jimmy,807,jimmy@email.com
josh,168,josh@email.com
bob,65,bob@email.com
jennifer,918,jennifer@email.com
jane,60,jane@email.com
jennifer,9,jennifer@email.com
jimmy,837,jimmy@email.com
george,668,george@email.com
jimmy,872,jimmy@email.com
richard,101,richard@email.com
jimmy,184,jimmy@email.com
josh,575,josh@email.com
richard,801,richard@email.com
jimmy,676,jimmy@email.com
richard,882,richard@email.com
patrick,872,patrick@email.com
bob,258,bob@email.com
lois,438,lois@email.com
bob,20,bob@email.com
tammy,310,tammy@email.com
patrick,528,patrick@email.com
bob,242,bob@email.com
richard,491,richard@email.com
josh,427,josh@email.com
patrick,454,patrick@email.com
lois,557,lois@email.com
george,80,george@email.com
jennifer,847,jennifer@email.com
patrick,585,patrick@email.com
bob,770,bob@email.com
patrick,929,patrick@email.com
richard,246,richard@email.com
richard,749,richard@email.com
bob,800,bob@email.com
lois,272,lois@email.com
lois,954,lois@email.com
george,29,george@email.com
jimmy,761,jimmy@email.com
patrick,465,patrick@email.com
lois,148,lois@email.com
richard,485,richard@email.com
jane,116,jane@email.com
george,366,george@email.com
patrick,732,patrick@email.com
bob,689,bob@email.com
george,482,george@email.com
lois,789,lois@email.com
richard,929,richard@email.com
jane,219,jane@email.com
bob,165,bob@email.com
jimmy,593,jimmy@email.com
richard,165,richard@email.com
richard,207,richard@email.com
jennifer,546,jennifer@email.com
tammy,917,tammy@email.com
jane,948,jane@email.com
patrick,288,patrick@email.com
bob,635,bob@email.com
richard,65,richard@email.com
george,333,george@email.com
richard,106,richard@email.com
richard,406,richard@email.com
josh,946,josh@email.com
richard,146,richard@email.com
jimmy,680,jimmy@email.com
lois,374,lois@email.com
bob,644,bob@email.com
lois,103,lois@email.com
jimmy,848,jimmy@email.com
patrick,531,patrick@email.com
tammy,368,tammy@email.com
lois,999,lois@email.com
george,85,george@email.com
jane,514,jane@email.com
jennifer,738,jennifer@email.com
jane,103,jane@email.com
lois,792,lois@email.com
jimmy,113,jimmy@email.com
bob,164,bob@email.com
josh,756,josh@email.com
richard,194,richard@email.com
richard,809,richard@email.com
lois,348,lois@email.com
tammy,150,tammy@email.com
lois,616,lois@email.com
jennifer,515,jennifer@email.com
jennifer,208,jennifer@email.com
jane,486,jane@email.com
richard,716,richard@email.com
richard,348,richard@email.com
jimmy,273,jimmy@email.com
lois,312,lois@email.com
patrick,411,patrick@email.com
richard,237,richard@email.com
tammy,49,tammy@email.com
george,415,george@email.com
bob,761,bob@email.com
jennifer,668,jennifer@email.com
george,697,george@email.com
patrick,744,patrick@email.com
bob,575,bob@email.com
tammy,482,tammy@email.com
george,220,george@email.com
richard,573,richard@email.com
lois,402,lois@email.com
lois,320,lois@email.com
george,343,george@email.com
jane,706,jane@email.com
george,265,george@email.com
jane,171,jane@email.com
patrick,954,patrick@email.com
bob,665,bob@email.com
jane,484,jane@email.com
george,0,george@email.com
richard,619,richard@email.com
richard,594,richard@email.com
george,597,george@email.com
bob,423,bob@email.com
jennifer,414,jennifer@email.com
jane,798,jane@email.com
lois,158,lois@email.com
jane,173,jane@email.com
george,438,george@email.com
lois,267,lois@email.com
jennifer,702,jennifer@email.com
bob,185,bob@email.com
bob,586,bob@email.com
tammy,913,tammy@email.com
tammy,234,tammy@email.com
lois,921,lois@email.com
george,249,george@email.com
patrick,503,patrick@email.com
lois,643,lois@email.com
jennifer,104,jennifer@email.com
richard,662,richard@email.com
jimmy,546,jimmy@email.com
jane,358,jane@email.com
josh,42,josh@email.com
bob,250,bob@email.com
jennifer,301,jennifer@email.com
richard,322,richard@email.com
richard,119,richard@email.com
jennifer,282,jennifer@email.com
patrick,331,patrick@email.com
george,745,george@email.com
patrick,247,patrick@email.com
richard,871,richard@email.com
bob,918,bob@email.com
jane,249,jane@email.com
jennifer,201,jennifer@email.com
george,511,george@email.com
lois,421,lois@email.com
josh,369,josh@email.com
jennifer,693,jennifer@email.com
patrick,50,patrick@email.com
jennifer,511,jennifer@email.com
jennifer,800,jennifer@email.com
lois,663,lois@email.com
richard,56,richard@email.com
jane,293,jane@email.com
jane,587,jane@email.com
bob,126,bob@email.com
richard,415,richard@email.com
patrick,776,patrick@email.com
richard,485,richard@email.com
lois,627,lois@email.com
richard,376,richard@email.com
tammy,208,tammy@email.com
jimmy,695,jimmy@email.com
jane,80,jane@email.com
jimmy,233,jimmy@email.com
richard,807,richard@email.com
jimmy,390,jimmy@email.com
josh,463,josh@email.com
richard,427,richard@email.com
patrick,789,patrick@email.com
bob,723,bob@email.com
jennifer,400,jennifer@email.com
jennifer,968,jennifer@email.com
george,373,george@email.com
lois,703,lois@email.com
jennifer,539,jennifer@email.com
jimmy,122,jimmy@email.com
richard,228,richard@email.com
lois,147,lois@email.com
george,610,george@email.com
lois,593,lois@email.com
josh,195,josh@email.com
george,624,george@email.com
patrick,782,patrick@email.com
richard,802,richard@email.com
tammy,143,tammy@email.com
tammy,506,tammy@email.com
lois,14,lois@email.com
richard,576,richard@email.com
patrick,949,patrick@email.com
jimmy,352,jimmy@email.com
george,298,george@email.com
jane,198,jane@email.com
jimmy,290,jimmy@email.com
richard,679,richard@email.com
richard,594,richard@email.com
lois,43,lois@email.com
jimmy,138,jimmy@email.com
george,118,george@email.com
bob,788,bob@email.com
tammy,919,tammy@email.com
lois,683,lois@email.com
tammy,170,tammy@email.com
josh,122,josh@email.com
richard,363,richard@email.com
bob,149,bob@email.com
jimmy,543,jimmy@email.com
jennifer,568,jennifer@email.com
jimmy,518,jimmy@email.com
josh,14,josh@email.com
patrick,920,patrick@email.com
jane,915,jane@email.com
tammy,411,tammy@email.com
jane,646,jane@email.com
patrick,965,patrick@email.com
tammy,837,tammy@email.com
patrick,422,patrick@email.com
bob,912,bob@email.com
jimmy,728,jimmy@email.com
jennifer,776,jennifer@email.com
jennifer,100,jennifer@email.com
jimmy,884,jimmy@email.com
jennifer,452,jennifer@email.com
jane,468,jane@email.com
patrick,937,patrick@email.com
jane,382,jane@email.com
jane,649,jane@email.com
jennifer,155,jennifer@email.com
bob,589,bob@email.com
richard,158,richard@email.com
jennifer,987,jennifer@email.com
jimmy,905,jimmy@email.com
bob,464,bob@email.com
lois,503,lois@email.com
jimmy,951,jimmy@email.com
patrick,818,patrick@email.com
george,733,george@email.com
jimmy,153,jimmy@email.com
lois,623,lois@email.com
lois,673,lois@email.com
richard,56,richard@email.com
jennifer,638,jennifer@email.com
jane,140,jane@email.com
josh,845,josh@email.com
richard,640,richard@email.com
richard,509,richard@email.com
patrick,720,patrick@email.com
jimmy,475,jimmy@email.com
george,246,george@email.com
tammy,337,tammy@email.com
richard,269,richard@email.com
george,142,george@email.com
jimmy,162,jimmy@email.com
tammy,35,tammy@email.com
patrick,344,patrick@email.com
jennifer,917,jennifer@email.com
jane,755,jane@email.com
patrick,901,patrick@email.com
george,451,george@email.com
jennifer,361,jennifer@email.com
patrick,581,patrick@email.com
tammy,882,tammy@email.com
josh,329,josh@email.com
richard,806,richard@email.com
jennifer,133,jennifer@email.com
jennifer,901,jennifer@email.com
george,610,george@email.com
lois,138,lois@email.com
tammy,133,tammy@email.com
jane,401,jane@email.com
patrick,121,patrick@email.com
jimmy,109,jimmy@email.com
patrick,235,patrick@email.com
jane,398,jane@email.com
bob,428,bob@email.com
patrick,480,patrick@email.com
patrick,842,patrick@email.com
bob,187,bob@email.com
patrick,211,patrick@email.com
richard,995,richard@email.com
josh,579,josh@email.com
tammy,457,tammy@email.com
jane,803,jane@email.com
bob,993,bob@email.com
bob,67,bob@email.com
lois,64,lois@email.com
richard,198,richard@email.com
tammy,635,tammy@email.com
jane,711,jane@email.com
tammy,421,tammy@email.com
jane,124,jane@email.com
bob,842,bob@email.com
jimmy,404,jimmy@email.com
jimmy,439,jimmy@email.com
tammy,256,tammy@email.com
patrick,364,patrick@email.com
lois,670,lois@email.com
jennifer,259,jennifer@email.com
bob,5,bob@email.com
patrick,431,patrick@email.com
jimmy,471,jimmy@email.com
richard,158,richard@email.com
lois,126,lois@email.com
richard,328,richard@email.com
patrick,506,patrick@email.com
jane,384,jane@email.com
tammy,985,tammy@email.com
jimmy,315,jimmy@email.com
bob,989,bob@email.com
richard,884,richard@email.com
richard,362,richard@email.com
richard,186,richard@email.com
jimmy,271,jimmy@email.com
jennifer,987,jennifer@email.com
patrick,359,patrick@email.com
richard,143,richard@email.com
bob,276,bob@email.com
jane,556,jane@email.com
george,412,george@email.com
george,218,george@email.com
jennifer,61,jennifer@email.com
tammy,701,tammy@email.com
tammy,741,tammy@email.com
patrick,42,patrick@email.com
jennifer,801,jennifer@email.com
jane,871,jane@email.com
richard,407,richard@email.com
richard,740,richard@email.com
jimmy,457,jimmy@email.com
jane,963,jane@email.com
richard,317,richard@email.com
josh,629,josh@email.com
tammy,107,tammy@email.com
richard,366,richard@email.com
jimmy,131,jimmy@email.com
jennifer,195,jennifer@email.com
patrick,172,patrick@email.com
richard,366,richard@email.com
bob,91,bob@email.com
josh,802,josh@email.com
jane,400,jane@email.com
lois,419,lois@email.com
patrick,277,patrick@email.com
tammy,37,tammy@email.com
bob,310,bob@email.com
jimmy,31,jimmy@email.com
bob,640,bob@email.com
jennifer,50,jennifer@email.com
patrick,630,patrick@email.com
richard,428,richard@email.com
richard,608,richard@email.com
jennifer,180,jennifer@email.com
josh,418,josh@email.com
josh,899,josh@email.com
josh,368,josh@email.com
jimmy,560,jimmy@email.com
jane,429,jane@email.com
tammy,297,tammy@email.com
lois,953,lois@email.com
jimmy,431,jimmy@email.com
josh,560,josh@email.com
patrick,111,patrick@email.com
george,545,george@email.com
tammy,29,tammy@email.com
jane,243,jane@email.com
jimmy,906,jimmy@email.com
tammy,889,tammy@email.com
bob,545,bob@email.com
patrick,246,patrick@email.com
bob,675,bob@email.com
george,255,george@email.com
tammy,490,tammy@email.com
lois,947,lois@email.com
jane,937,jane@email.com
bob,370,bob@email.com
bob,137,bob@email.com
jennifer,601,jennifer@email.com
jimmy,848,jimmy@email.com
jane,430,jane@email.com
george,965,george@email.com
jane,282,jane@email.com
tammy,764,tammy@email.com
jennifer,98,jennifer@email.com
jane,424,jane@email.com
jennifer,71,jennifer@email.com
george,197,george@email.com
george,337,george@email.com
richard,297,richard@email.com
jane,678,jane@email.com
richard,386,richard@email.com
jane,633,jane@email.com
patrick,121,patrick@email.com
richard,366,richard@email.com
jennifer,27,jennifer@email.com
richard,261,richard@email.com
jennifer,801,jennifer@email.com
richard,39,richard@email.com
george,831,george@email.com
bob,715,bob@email.com
tammy,840,tammy@email.com
jennifer,897,jennifer@email.com
josh,664,josh@email.com
tammy,810,tammy@email.com
jimmy,646,jimmy@email.com
jane,135,jane@email.com
jennifer,681,jennifer@email.com
jane,648,jane@email.com
jimmy,288,jimmy@email.com
tammy,82,tammy@email.com
richard,155,richard@email.com
jane,317,jane@email.com
patrick,460,patrick@email.com
tammy,244,tammy@email.com
patrick,675,patrick@email.com
jennifer,130,jennifer@email.com
george,26,george@email.com
richard,116,richard@email.com
jimmy,812,jimmy@email.com
jimmy,960,jimmy@email.com
patrick,568,patrick@email.com
lois,531,lois@email.com
tammy,459,tammy@email.com
patrick,445,patrick@email.com
jimmy,714,jimmy@email.com
bob,389,bob@email.com
jimmy,142,jimmy@email.com
jimmy,784,jimmy@email.com
richard,28,richard@email.com
jane,39,jane@email.com
tammy,964,tammy@email.com
bob,807,bob@email.com
bob,851,bob@email.com
patrick,728,patrick@email.com
richard,742,richard@email.com
josh,411,josh@email.com
jimmy,638,jimmy@email.com
jennifer,961,jennifer@email.com
jimmy,204,jimmy@email.com
richard,565,richard@email.com
patrick,485,patrick@email.com
tammy,310,tammy@email.com
jennifer,682,jennifer@email.com
tammy,272,tammy@email.com
richard,973,richard@email.com
jane,547,jane@email.com
bob,781,bob@email.com
patrick,184,patrick@email.com
jimmy,730,jimmy@email.com
jennifer,815,jennifer@email.com
tammy,909,tammy@email.com
jennifer,295,jennifer@email.com
richard,224,richard@email.com
george,639,george@email.com
bob,94,bob@email.com
tammy,381,tammy@email.com
jimmy,111,jimmy@email.com
jennifer,116,jennifer@email.com
bob,816,bob@email.com
jimmy,470,jimmy@email.com
jimmy,691,jimmy@email.com
lois,169,lois@email.com
jimmy,338,jimmy@email.com
bob,161,bob@email.com
patrick,890,patrick@email.com
tammy,339,tammy@email.com
lois,332,lois@email.com
tammy,549,tammy@email.com
patrick,1,patrick@email.com
tammy,640,tammy@email.com
lois,609,lois@email.com
richard,910,richard@email.com
jane,606,jane@email.com
jimmy,427,jimmy@email.com
jane,222,jane@email.com
jimmy,738,jimmy@email.com
george,80,george@email.com
richard,22,richard@email.com
patrick,142,patrick@email.com
bob,518,bob@email.com
patrick,369,patrick@email.com
jimmy,616,jimmy@email.com
jane,539,jane@email.com
jennifer,604,jennifer@email.com
patrick,972,patrick@email.com
george,22,george@email.com
patrick,401,patrick@email.com
lois,834,lois@email.com
bob,690,bob@email.com
bob,401,bob@email.com
jimmy,221,jimmy@email.com
richard,712,richard@email.com
bob,714,bob@email.com
george,41,george@email.com
tammy,228,tammy@email.com
bob,775,bob@email.com
richard,562,richard@email.com
patrick,292,patrick@email.com
richard,70,richard@email.com
jimmy,678,jimmy@email.com
patrick,294,patrick@email.com
bob,925,bob@email.com
richard,515,richard@email.com
patrick,427,patrick@email.com
jennifer,204,jennifer@email.com
jane,543,jane@email.com
jimmy,613,jimmy@email.com
george,112,george@email.com
richard,228,richard@email.com
richard,7,richard@email.com
richard,221,richard@email.com
george,840,george@email.com
george,791,george@email.com
jennifer,65,jennifer@email.com
jane,988,jane@email.com
jennifer,993,jennifer@email.com
patrick,15,patrick@email.com
richard,539,richard@email.com
richard,860,richard@email.com
richard,228,richard@email.com
richard,561,richard@email.com
tammy,607,tammy@email.com
patrick,352,patrick@email.com
patrick,250,patrick@email.com
jennifer,584,jennifer@email.com
jane,11,jane@email.com
jimmy,971,jimmy@email.com
george,966,george@email.com
josh,543,josh@email.com
patrick,909,patrick@email.com
jennifer,580,jennifer@email.com
jennifer,222,jennifer@email.com
richard,62,richard@email.com
bob,293,bob@email.com
richard,302,richard@email.com
tammy,349,tammy@email.com
bob,722,bob@email.com
richard,461,richard@email.com
george,303,george@email.com
patrick,343,patrick@email.com
george,806,george@email.com
patrick,328,patrick@email.com
patrick,549,patrick@email.com
george,163,george@email.com
richard,644,richard@email.com
george,354,george@email.com
patrick,148,patrick@email.com
patrick,42,patrick@email.com
george,565,george@email.com
patrick,739,patrick@email.com
jimmy,45,jimmy@email.com
bob,41,bob@email.com
jimmy,69,jimmy@email.com
george,773,george@email.com
bob,534,bob@email.com
bob,726,bob@email.com
jane,491,jane@email.com
patrick,667,patrick@email.com
richard,664,richard@email.com
lois,144,lois@email.com
richard,975,richard@email.com
jimmy,311,jimmy@email.com
jennifer,516,jennifer@email.com
richard,746,richard@email.com
lois,946,lois@email.com
jennifer,419,jennifer@email.com
tammy,244,tammy@email.com
patrick,993,patrick@email.com
richard,469,richard@email.com
lois,274,lois@email.com
jimmy,527,jimmy@email.com
bob,221,bob@email.com
josh,265,josh@email.com
lois,780,lois@email.com
richard,25,richard@email.com
richard,638,richard@email.com
jennifer,724,jennifer@email.com
jimmy,176,jimmy@email.com
richard,562,richard@email.com
bob,598,bob@email.com
richard,439,richard@email.com
richard,849,richard@email.com
jennifer,235,jennifer@email.com
richard,477,richard@email.com
jimmy,989,jimmy@email.com
lois,678,lois@email.com
jennifer,897,jennifer@email.com
george,694,george@email.com
tammy,200,tammy@email.com
lois,521,lois@email.com
richard,367,richard@email.com
jane,676,jane@email.com
jimmy,840,jimmy@email.com
bob,423,bob@email.com
richard,681,richard@email.com
bob,118,bob@email.com
tammy,6,tammy@email.com
josh,908,josh@email.com
josh,278,josh@email.com
tammy,48,tammy@email.com
jimmy,531,jimmy@email.com
bob,719,bob@email.com
lois,428,lois@email.com
josh,406,josh@email.com
richard,247,richard@email.com
george,421,george@email.com
richard,148,richard@email.com
josh,814,josh@email.com
richard,911,richard@email.com
richard,470,richard@email.com
bob,330,bob@email.com
tammy,901,tammy@email.com
lois,415,lois@email.com
tammy,960,tammy@email.com
richard,48,richard@email.com
jane,666,jane@email.com
jimmy,764,jimmy@email.com
george,929,george@email.com
richard,757,richard@email.com
tammy,943,tammy@email.com
bob,464,bob@email.com
richard,396,richard@email.com
lois,169,lois@email.com
lois,902,lois@email.com
george,811,george@email.com
bob,444,bob@email.com
bob,976,bob@email.com
bob,897,bob@email.com
richard,796,richard@email.com
jimmy,337,jimmy@email.com
josh,186,josh@email.com
richard,484,richard@email.com
george,230,george@email.com
josh,599,josh@email.com
patrick,66,patrick@email.com
jimmy,373,jimmy@email.com
jane,255,jane@email.com
bob,38,bob@email.com
jennifer,707,jennifer@email.com
patrick,380,patrick@email.com
patrick,562,patrick@email.com
jane,666,jane@email.com
jimmy,132,jimmy@email.com
josh,191,josh@email.com
jennifer,806,jennifer@email.com
lois,973,lois@email.com